Prot#,ProteinID,ChainID,SSID,uniqSSID,AA,Num,SStype,neighbors,evec1,evec2,evec3,i-1SStype,i+1SStype,f1,i-2Type,f2,f3,f4,f5,f6,f7,f8,i+2Type,f9,f10,f11,f12,f13,f14,f15,i-3Type,f16,f17,f18,f19,f20,f21,i+3Type,f22,f23,f24,f25,f26,f27,f28,j-type,seq_diff,f29,f30,f31,f32,f33,notes
1,1A73,A,L1,1A73_A_L1,ALA,2,L,0,,,,,,,,,,,,,,,,,,,,,,,,,,,,,,,,,,,,,,,,,,,,,Not consecutive Ca(i-1) or Ca(i+1)
1,1A73,A,L1,1A73_A_L1,LEU,3,L,0,,,,L,L,107.803,,,,,,,,,,,,,,,,,,,,,,,,,,,,,,,,,,,,,,,Ca(i-2) and Ca(i-1) are not consecutive
1,1A73,A,L1,1A73_A_L1,THR,4,L,1,,,,L,H,121.862,L,6.18168,107.803,-126.201,3.0467,3.38757,28.88,-97.3207,H,5.33935,89.1527,-103.942,3.14664,2.12507,45.7355,-58.2065,,,,,,,,,,,,,,,,,,,,,,,Ca(i-3) sequence number problem...Missing
1,1A73,A,H1,1A73_A_H1,ASN,5,H,0,,,,L,H,89.1527,L,6.6801,121.862,-103.942,3.14664,2.12507,45.7355,-58.2065,H,5.36907,89.9671,53.5168,1.12615,1.14836,78.8225,132.339,L,9.31618,-126.201,3.0467,3.38757,28.88,-97.3207,H,5.08225,50.0048,1.00455,1.13234,78.8532,128.858,5.08225,H,-3,5.0701,8.68831,3.80097,5.0875,48.1764,
1,1A73,A,H1,1A73_A_H1,ALA,6,H,0,,,,H,H,89.9671,H,5.33935,89.1527,53.5168,1.12615,1.14836,78.8225,132.339,H,5.47856,92.0978,50.0048,1.00455,1.13234,78.8532,128.858,L,8.01943,-103.942,3.14664,2.12507,45.7355,-58.2065,H,5.0875,50.0418,1.11385,1.02516,78.8797,128.921,5.0875,H,-3,5.08225,8.67648,3.80885,5.0877,48.2566,
1,1A73,A,H1,1A73_A_H1,GLN,7,H,0,,,,H,H,92.0978,H,5.36907,89.9671,50.0048,1.00455,1.13234,78.8532,128.858,H,5.38486,89.8549,50.0418,1.11385,1.02516,78.8797,128.921,L,5.0701,53.5168,1.12615,1.14836,78.8225,132.339,H,5.0877,54.1937,1.1823,1.11002,78.3995,132.593,5.0701,L,3,8.01943,3.79423,6.43559,5.08225,117.969,
1,1A73,A,H1,1A73_A_H1,ILE,8,H,0,,,,H,H,89.8549,H,5.47856,92.0978,50.0418,1.11385,1.02516,78.8797,128.921,H,5.32557,88.7971,54.1937,1.1823,1.11002,78.3995,132.593,H,5.08225,50.0048,1.00455,1.13234,78.8532,128.858,H,5.00006,52.36,1.07803,1.11309,79.5622,131.922,5.00006,H,-3,5.0877,8.81988,3.79565,5.02935,45.2711,
1,1A73,A,H1,1A73_A_H1,LEU,9,H,0,,,,H,H,88.7971,H,5.38486,89.8549,54.1937,1.1823,1.11002,78.3995,132.593,H,5.36499,89.7703,52.36,1.07803,1.11309,79.5622,131.922,H,5.0875,50.0418,1.11385,1.02516,78.8797,128.921,H,5.02935,50.753,1.03516,1.09427,79.1973,129.95,5.02935,H,-3,5.00006,8.62815,3.80685,4.99939,47.3913,
1,1A73,A,H1,1A73_A_H1,ALA,10,H,0,,,,H,H,89.7703,H,5.32557,88.7971,52.36,1.07803,1.11309,79.5622,131.922,H,5.41193,90.5953,50.753,1.03516,1.09427,79.1973,129.95,H,5.0877,54.1937,1.1823,1.11002,78.3995,132.593,H,4.99939,49.0777,1.03202,1.01745,79.623,128.701,4.99939,H,-3,5.02935,8.68065,3.80732,5.24583,51.9377,
1,1A73,A,H1,1A73_A_H1,VAL,11,H,0,,,,H,H,90.5953,H,5.36499,89.7703,50.753,1.03516,1.09427,79.1973,129.95,H,5.40065,90.4019,49.0777,1.03202,1.01745,79.623,128.701,H,5.00006,52.36,1.07803,1.11309,79.5622,131.922,H,5.24583,50.0651,1.01696,1.22385,77.5835,127.649,5.00006,H,3,5.0877,3.79565,8.81988,5.02935,45.2711,
1,1A73,A,H1,1A73_A_H1,ILE,12,H,0,,,,H,H,90.4019,H,5.41193,90.5953,49.0777,1.03202,1.01745,79.623,128.701,H,5.59864,94.7303,50.0651,1.01696,1.22385,77.5835,127.649,H,5.02935,50.753,1.03516,1.09427,79.1973,129.95,H,5.00856,46.2056,1.12175,0.830345,79.8219,126.027,5.00856,H,-3,5.24583,8.62088,3.80639,5.12694,53.9111,
1,1A73,A,H1,1A73_A_H1,ASP,13,H,0,,,,H,H,94.7303,H,5.40065,90.4019,50.0651,1.01696,1.22385,77.5835,127.649,H,5.32139,88.5249,46.2056,1.12175,0.830345,79.8219,126.027,H,4.99939,49.0777,1.03202,1.01745,79.623,128.701,H,5.12694,52.6201,1.02454,1.23452,78.4902,131.11,4.99939,H,3,5.02935,3.80732,8.68065,5.24583,51.9377,
1,1A73,A,H1,1A73_A_H1,SER,14,H,0,,,,H,H,88.5249,H,5.59864,94.7303,46.2056,1.12175,0.830345,79.8219,126.027,H,5.50169,91.9611,52.6201,1.02454,1.23452,78.4902,131.11,H,5.24583,50.0651,1.01696,1.22385,77.5835,127.649,H,5.02813,46.7002,1.00963,0.958702,79.6563,126.357,5.02813,H,-3,5.12694,8.74337,3.83279,5.35588,51.772,
1,1A73,A,H1,1A73_A_H1,TRP,15,H,0,,,,H,H,91.9611,H,5.32139,88.5249,52.6201,1.02454,1.23452,78.4902,131.11,H,5.4503,90.7583,46.7002,1.00963,0.958702,79.6563,126.357,H,5.00856,46.2056,1.12175,0.830345,79.8219,126.027,H,5.35588,55.2984,1.23398,1.25199,76.2864,131.585,5.00856,H,3,5.24583,3.80639,8.62088,5.12694,53.9111,
1,1A73,A,H1,1A73_A_H1,GLU,16,H,0,,,,H,H,90.7583,H,5.50169,91.9611,46.7002,1.00963,0.958702,79.6563,126.357,H,5.49159,92.1672,55.2984,1.23398,1.25199,76.2864,131.585,H,5.12694,52.6201,1.02454,1.23452,78.4902,131.11,H,5.20379,40.3212,0.824131,1.09535,78.6834,119.005,5.12694,H,3,5.00856,3.81796,8.61812,5.02813,50.9099,
1,1A73,A,H1,1A73_A_H1,GLU,17,H,0,,,,H,H,92.1672,H,5.4503,90.7583,55.2984,1.23398,1.25199,76.2864,131.585,H,5.75584,98.3942,40.3212,0.824131,1.09535,78.6834,119.005,H,5.02813,46.7002,1.00963,0.958702,79.6563,126.357,H,5.19296,46.9679,1.29522,0.798064,78.087,125.055,5.02813,H,3,5.12694,3.83279,8.74337,5.35588,51.772,
1,1A73,A,H1,1A73_A_H1,THR,18,H,0,,,,H,H,98.3942,H,5.49159,92.1672,40.3212,0.824131,1.09535,78.6834,119.005,H,5.2864,88.0516,46.9679,1.29522,0.798064,78.087,125.055,H,5.35588,55.2984,1.23398,1.25199,76.2864,131.585,H,5.45004,67.147,1.53985,1.4941,74.1146,141.262,5.35588,H,3,5.02813,3.82459,8.68179,5.20379,53.5371,
1,1A73,A,H1,1A73_A_H1,VAL,19,H,0,,,,H,H,88.0516,H,5.75584,98.3942,46.9679,1.29522,0.798064,78.087,125.055,H,5.23417,86.867,67.147,1.53985,1.4941,74.1146,141.262,H,5.20379,40.3212,0.824131,1.09535,78.6834,119.005,L,5.1962,52.7595,0.936398,1.36066,77.7186,130.478,5.1962,L,-3,5.45004,10.8223,3.81168,8.29951,60.8098,
1,1A73,A,H1,1A73_A_H1,GLY,20,H,0,,,,H,H,86.867,H,5.2864,88.0516,67.147,1.53985,1.4941,74.1146,141.262,L,5.6321,95.241,52.7595,0.936398,1.36066,77.7186,130.478,H,5.19296,46.9679,1.29522,0.798064,78.087,125.055,S,8.29951,111.002,2.54771,3.11914,41.2877,152.29,5.19296,H,3,5.20379,3.80502,8.69475,5.45004,54.6089,
1,1A73,A,H1,1A73_A_H1,GLN,21,H,0,,,,H,L,95.241,H,5.23417,86.867,52.7595,0.936398,1.36066,77.7186,130.478,S,6.41258,114.247,111.002,2.54771,3.11914,41.2877,152.29,H,5.45004,67.147,1.53985,1.4941,74.1146,141.262,S,7.95761,-79.7253,2.51452,2.31556,51.8357,-27.8896,5.45004,H,3,5.19296,3.80151,9.51104,5.1962,38.21,
1,1A73,A,L2,1A73_A_L2,PHE,22,L,2,,,,H,S,114.247,H,5.6321,95.241,111.002,2.54771,3.11914,41.2877,152.29,S,6.1515,107.044,-79.7253,2.51452,2.31556,51.8357,-27.8896,H,5.1962,52.7595,0.936398,1.36066,77.7186,130.478,S,9.18217,-138.666,3.2774,3.30806,23.7858,-114.88,5.1962,H,3,5.45004,3.81168,10.8223,8.29951,60.8098,
1,1A73,A,S1,1A73_A_S1,PRO,23,S,3,8.57494,1.9652,-6.59E-08,L,S,107.044,L,6.41258,114.247,-79.7253,2.51452,2.31556,51.8357,-27.8896,S,6.22402,109.821,-138.666,3.2774,3.30806,23.7858,-114.88,H,8.29951,111.002,2.54771,3.11914,41.2877,152.29,S,9.83239,-165.087,3.39374,3.68569,10.3703,-154.717,5.67537,S,-19,9.00229,5.66825,5.44186,6.39191,146.601,
1,1A73,A,S1,1A73_A_S1,VAL,24,S,3,8.57494,1.9652,-6.59E-08,S,S,109.821,S,6.1515,107.044,-138.666,3.2774,3.30806,23.7858,-114.88,S,6.6775,123.174,-165.087,3.39374,3.68569,10.3703,-154.717,H,7.95761,-79.7253,2.51452,2.31556,51.8357,-27.8896,S,9.68712,-140.178,3.48678,3.29004,20.6186,-119.559,4.47432,S,-18,8.09295,5.70195,5.17752,7.13799,141.593,
1,1A73,A,S1,1A73_A_S1,ILE,25,S,4,17.7331,1.0462,0.0584358,S,S,123.174,S,6.22402,109.821,-165.087,3.39374,3.68569,10.3703,-154.717,S,6.36912,113.409,-140.178,3.48678,3.29004,20.6186,-119.559,L,9.18217,-138.666,3.2774,3.30806,23.7858,-114.88,S,10.0248,-173.607,3.43459,3.71507,7.12148,-166.486,5.17752,S,-16,6.18059,4.47432,4.54799,9.07182,152.551,
1,1A73,A,S1,1A73_A_S1,THR,26,S,3,9.86294,1.52453,-9.27E-09,S,S,113.409,S,6.6775,123.174,-140.178,3.48678,3.29004,20.6186,-119.559,S,6.79525,126.14,-173.607,3.43459,3.71507,7.12148,-166.486,S,9.83239,-165.087,3.39374,3.68569,10.3703,-154.717,S,9.62868,-141.188,3.57609,3.1705,21.5668,-119.622,4.54799,S,-14,8.19752,5.17752,5.26873,7.47099,148.816,
1,1A73,A,S1,1A73_A_S1,HIS,27,S,3,11.408,1.01597,1.19E-07,S,S,126.14,S,6.36912,113.409,-173.607,3.43459,3.71507,7.12148,-166.486,S,6.19163,108.576,-141.188,3.57609,3.1705,21.5668,-119.622,S,9.68712,-140.178,3.48678,3.29004,20.6186,-119.559,S,10.0056,-178.156,3.12841,3.81471,16.8499,-161.306,5.26873,S,-12,6.77473,4.54799,4.61647,8.87598,154.242,
1,1A73,A,S1,1A73_A_S1,HIS,28,S,3,11.6669,0.906894,3.23E-08,S,S,108.576,S,6.79525,126.14,-141.188,3.57609,3.1705,21.5668,-119.622,S,7.21551,142.215,-178.156,3.12841,3.81471,16.8499,-161.306,S,10.0248,-173.607,3.43459,3.71507,7.12148,-166.486,S,9.5291,-104.369,3.4113,2.78926,33.4719,-70.8972,4.61647,S,-10,8.3938,5.26873,5.217,7.05479,140.472,
1,1A73,A,S1,1A73_A_S1,VAL,29,S,3,12.6469,0.580432,-3.09E-07,S,S,142.215,S,6.19163,108.576,-178.156,3.12841,3.81471,16.8499,-161.306,S,6.349,113.016,-104.369,3.4113,2.78926,33.4719,-70.8972,S,9.62868,-141.188,3.57609,3.1705,21.5668,-119.622,S,9.25043,-175.465,3.67886,3.21882,8.40185,-167.063,5.217,S,-8,6.66947,4.61647,4.69193,8.63819,137.582,
1,1A73,A,S1,1A73_A_S1,PRO,30,S,5,22.9716,6.90288,0.802277,S,S,113.016,S,7.21551,142.215,-104.369,3.4113,2.78926,33.4719,-70.8972,S,5.66301,96.7243,-175.465,3.67886,3.21882,8.40185,-167.063,S,10.0056,-178.156,3.12841,3.81471,16.8499,-161.306,L,8.43337,-101.657,2.30219,3.17176,43.0684,-58.5887,4.69193,S,-6,8.62225,5.217,5.44023,6.06015,129.254,
1,1A73,A,S1,1A73_A_S1,LEU,31,S,5,25.9528,4.60318,1.29552,S,S,96.7243,S,6.349,113.016,-175.465,3.67886,3.21882,8.40185,-167.063,L,6.83443,128.72,-101.657,2.30219,3.17176,43.0684,-58.5887,S,9.5291,-104.369,3.4113,2.78926,33.4719,-70.8972,L,7.24746,63.3665,2.55531,1.39935,59.1813,122.548,4.47237,L,-109,9.31367,5.60271,10.027,5.48268,79.3616,
1,1A73,A,S1,1A73_A_S1,GLY,32,S,4,13.7886,2.34538,0.756909,S,L,128.72,S,5.66301,96.7243,-101.657,2.30219,3.17176,43.0684,-58.5887,L,5.45682,91.7134,63.3665,2.55531,1.39935,59.1813,122.548,S,9.25043,-175.465,3.67886,3.21882,8.40185,-167.063,S,5.76943,-64.7198,1.50904,1.56818,71.8464,7.12659,3.94269,L,-98,5.47893,9.80131,5.37575,8.15095,69.3839,
1,1A73,A,L3,1A73_A_L3,GLY,33,L,0,,,,S,L,91.7134,S,6.83443,128.72,63.3665,2.55531,1.39935,59.1813,122.548,S,5.50625,92.4976,-64.7198,1.50904,1.56818,71.8464,7.12659,S,8.43337,-101.657,2.30219,3.17176,43.0684,-58.5887,S,8.8527,131.523,2.62907,3.53886,31.5011,163.024,4.56365,L,-97,4.60911,7.51203,8.18599,11.7659,124.098,
1,1A73,A,L3,1A73_A_L3,GLY,34,L,1,,,,L,S,92.4976,L,5.45682,91.7134,-64.7198,1.50904,1.56818,71.8464,7.12659,S,6.80359,125.854,131.523,2.62907,3.53886,31.5011,163.024,S,7.24746,63.3665,2.55531,1.39935,59.1813,122.548,S,10.1751,-148.879,3.56365,3.52347,14.1573,-134.721,7.24404,S,4,12.0367,6.83443,8.62225,5.44023,139.83,
1,1A73,A,S2,1A73_A_S2,LEU,35,S,2,,,,L,S,125.854,L,5.50625,92.4976,131.523,2.62907,3.53886,31.5011,163.024,S,6.75255,124.665,-148.879,3.56365,3.52347,14.1573,-134.721,S,5.76943,-64.7198,1.50904,1.56818,71.8464,7.12659,S,10.4742,179.515,3.51945,3.74388,7.44014,186.955,5.44023,S,4,7.24404,5.45682,4.69193,7.67642,140.679,
1,1A73,A,S2,1A73_A_S2,GLN,36,S,4,15.3078,1.454,0.00651968,S,S,124.665,S,6.80359,125.854,-148.879,3.56365,3.52347,14.1573,-134.721,S,7.11248,139.284,179.515,3.51945,3.74388,7.44014,186.955,L,8.8527,131.523,2.62907,3.53886,31.5011,163.024,S,10.1381,-114.874,3.48061,3.28723,24.8484,-90.0255,4.69193,S,6,8.62225,5.44023,5.217,6.06015,129.254,
1,1A73,A,S2,1A73_A_S2,GLY,37,S,4,17.0959,1.4552,0.338566,S,S,139.284,S,6.75255,124.665,179.515,3.51945,3.74388,7.44014,186.955,S,6.83136,128.447,-114.874,3.48061,3.28723,24.8484,-90.0255,L,10.1751,-148.879,3.56365,3.52347,14.1573,-134.721,S,10.3182,-173.923,3.6416,3.59803,3.15976,-170.763,5.217,S,8,6.66947,4.69193,4.61647,8.63819,137.582,
1,1A73,A,S2,1A73_A_S2,THR,38,S,3,9.58406,1.651,-1.00E-07,S,S,128.447,S,7.11248,139.284,-114.874,3.48061,3.28723,24.8484,-90.0255,S,6.75515,125.332,-173.923,3.6416,3.59803,3.15976,-170.763,S,10.4742,179.515,3.51945,3.74388,7.44014,186.955,S,9.77083,-148.643,3.60645,3.28821,17.2463,-131.397,4.61647,S,10,8.3938,5.217,5.26873,7.05479,140.472,
1,1A73,A,S2,1A73_A_S2,LEU,39,S,3,11.5439,0.992971,1.60E-08,S,S,125.332,S,6.83136,128.447,-173.923,3.6416,3.59803,3.15976,-170.763,S,6.28106,111.493,-148.643,3.60645,3.28821,17.2463,-131.397,S,10.1381,-114.874,3.48061,3.28723,24.8484,-90.0255,S,9.89271,-165.151,3.38574,3.68683,9.96986,-155.181,5.26873,S,12,6.77473,4.61647,4.54799,8.87598,154.242,
1,1A73,A,S2,1A73_A_S2,HIS,40,S,3,10.1414,1.45812,-3.77E-08,S,S,111.493,S,6.75515,125.332,-148.643,3.60645,3.28821,17.2463,-131.397,S,6.7328,124.455,-165.151,3.38574,3.68683,9.96986,-155.181,S,10.3182,-173.923,3.6416,3.59803,3.15976,-170.763,S,9.34254,-145.12,3.60734,3.01643,22.2607,-122.86,4.54799,S,14,8.19752,5.26873,5.17752,7.47099,148.816,
1,1A73,A,S2,1A73_A_S2,CYS,41,S,5,28.2874,5.00083,3.78821,S,S,124.455,S,6.28106,111.493,-165.151,3.38574,3.68683,9.96986,-155.181,S,5.85659,100.67,-145.12,3.60734,3.01643,22.2607,-122.86,S,9.77083,-148.643,3.60645,3.28821,17.2463,-131.397,L,9.48048,-156.82,3.07462,3.68312,18.3355,-138.484,5.17752,S,16,6.18059,4.54799,4.47432,9.07182,152.551,
1,1A73,A,S2,1A73_A_S2,TYR,42,S,5,27.8138,5.01094,1.96229,S,S,100.67,S,6.7328,124.455,-145.12,3.60734,3.01643,22.2607,-122.86,L,6.79067,127.494,-156.82,3.07462,3.68312,18.3355,-138.484,S,9.89271,-165.151,3.38574,3.68683,9.96986,-155.181,L,9.59694,-133.66,3.51332,3.17281,24.8525,-108.807,4.47432,S,18,8.09295,5.17752,5.70195,7.13799,141.593,
1,1A73,A,S2,1A73_A_S2,GLU,43,S,5,25.7459,5.87315,1.52552,S,L,127.494,S,5.85659,100.67,-156.82,3.07462,3.68312,18.3355,-138.484,L,6.25115,109.87,-133.66,3.51332,3.17281,24.8525,-108.807,S,9.34254,-145.12,3.60734,3.01643,22.2607,-122.86,L,8.70117,-95.7941,2.62682,2.93792,41.9327,-53.8614,4.2909,L,-62,7.86561,5.62399,5.36633,6.9964,125.214,
1,1A73,A,L4,1A73_A_L4,ILE,44,L,3,35.5885,3.58758,-2.20E-07,S,L,109.87,S,6.79067,127.494,-133.66,3.51332,3.17281,24.8525,-108.807,L,6.65231,120.337,-95.7941,2.62682,2.93792,41.9327,-53.8614,S,9.48048,-156.82,3.07462,3.68312,18.3355,-138.484,L,8.58384,-121.563,3.40806,2.55369,36.246,-85.3167,5.36633,L,-60,8.44787,4.2909,11.444,9.56648,101.502,
1,1A73,A,L4,1A73_A_L4,PRO,45,L,0,,,,L,L,120.337,L,6.25115,109.87,-95.7941,2.62682,2.93792,41.9327,-53.8614,L,5.48491,92.3384,-121.563,3.40806,2.55369,36.246,-85.3167,S,9.59694,-133.66,3.51332,3.17281,24.8525,-108.807,L,7.04038,17.7385,0.931549,2.41565,63.485,81.2235,5.37745,L,-5,9.42601,7.83197,8.85364,11.2901,171.853,
1,1A73,A,L4,1A73_A_L4,LEU,46,L,1,,,,L,L,92.3384,L,6.65231,120.337,-121.563,3.40806,2.55369,36.246,-85.3167,L,7.13744,139.473,17.7385,0.931549,2.41565,63.485,81.2235,S,8.70117,-95.7941,2.62682,2.93792,41.9327,-53.8614,L,8.85364,-33.0636,3.06141,2.02451,37.7643,4.70071,7.74152,L,-4,7.44623,8.28323,6.21205,10.3191,149.084,
1,1A73,A,L4,1A73_A_L4,ALA,47,L,0,,,,L,L,139.473,L,5.48491,92.3384,17.7385,0.931549,2.41565,63.485,81.2235,L,6.21205,135.089,-33.0636,3.06141,2.02451,37.7643,4.70071,L,8.58384,-121.563,3.40806,2.55369,36.246,-85.3167,L,6.62067,53.463,2.56681,1.48693,67.7152,121.178,6.62067,L,-3,8.85364,11.2901,2.8991,8.06612,95.2373,
1,1A73,A,L4,1A73_A_L4,ALA,48,L,0,,,,L,L,135.089,L,7.13744,139.473,-33.0636,3.06141,2.02451,37.7643,4.70071,L,4.93729,93.973,53.463,2.56681,1.48693,67.7152,121.178,L,7.04038,17.7385,0.931549,2.41565,63.485,81.2235,L,8.06612,167.671,2.45775,3.40923,8.5239,176.195,7.04038,L,3,8.58384,3.79629,9.42601,8.85364,126.196,
1,1A73,A,L4,1A73_A_L4,PRO,49,L,0,,,,L,L,93.973,L,6.21205,135.089,53.463,2.56681,1.48693,67.7152,121.178,L,5.81533,100.133,167.671,2.45775,3.40923,8.5239,176.195,L,8.85364,-33.0636,3.06141,2.02451,37.7643,4.70071,L,8.20103,-71.7685,1.93813,2.91143,50.0065,-21.762,7.44623,L,4,9.51741,7.13744,6.0267,7.74152,164.333,
1,1A73,A,L4,1A73_A_L4,TYR,50,L,0,,,,L,L,100.133,L,4.93729,93.973,167.671,2.45775,3.40923,8.5239,176.195,L,7.0649,138.032,-71.7685,1.93813,2.91143,50.0065,-21.762,L,6.62067,53.463,2.56681,1.48693,67.7152,121.178,L,8.29427,-45.3065,2.69112,1.9986,51.5244,6.21793,5.37745,L,5,9.42601,8.85364,7.83197,11.2901,171.853,
